course_code,course_name,credits,level,active,notes,elective_pool_tag,description
ACCO 1030,Principles of Financial Accounting,3,1000,True,,biz_elective,
ACCO 1031,Principles of Managerial Accounting,3,1000,True,,biz_elective,
ACCO 3001,Intermediate Accounting I,3,3000,True,,biz_elective,
ACCO 3986,Internship Work Period,0,3000,True,S/U grade assessment.,biz_elective,
ACCO 3987,Internship Work Period,0,3000,True,S/U grade assessment.,biz_elective,
ACCO 4000,Accounting Communications,3,4000,True,Marquette Core Curriculum: Writing Intensive,biz_elective,
ACCO 4010,Individual Income Taxation,3,4000,True,,biz_elective,
ACCO 4015,Taxation of Corporations and Partnerships,3,4000,True,,biz_elective,
ACCO 4020,Intermediate Accounting II,3,4000,True,,biz_elective,
ACCO 4030,Cost Accounting,3,4000,True,,biz_elective,
ACCO 4040,International Accounting,3,4000,True,Marquette Core Curriculum: NSM Crossing Boundaries,biz_elective,
ACCO 4045,International Taxation,3,4000,True,,biz_elective,
ACCO 4050,Accounting Information Systems,3,4000,True,Marquette Core Curriculum: NSM Expanding Our Horizons,biz_elective,
ACCO 4060,Accounting Analytics,3,4000,True,,biz_elective,
ACCO 4080,Analysis of Financial Statements,3,4000,True,,biz_elective,
ACCO 4119,Tax Research,3,4000,True,,biz_elective,
ACCO 4170,Auditing,3,4000,True,,biz_elective,
ACCO 4931,Topics in Accounting,3,4000,True,,biz_elective,
ACCO 4975,Volunteer Income Tax Assistance,3,4000,True,,biz_elective,
ACCO 4986,Accounting Internship - Grading Period,0,4000,True,S/U grade assessment.,biz_elective,
ACCO 4987,Accounting Internship - Grading Period,0,4000,True,S/U grade assessment.,biz_elective,
ACCO 4989,Accounting Internship Work and Grading Period,0,4000,True,S/U grade assessment.,biz_elective,
ACCO 4995,Independent Study in Accounting,3,4000,True,,biz_elective,
ACCOI 4931,Topics in Accounting-International,3,4000,True,,biz_elective,
AIM 3986,Accelerating Ingenuity in Markets Internship - Work Period,0,3000,True,S/U grade assessment.,biz_elective,
AIM 4310,Sector and Company Investment Analysis,3,4000,True,,biz_elective,
AIM 4320,"Identifying, Valuing and Communicating Investment Opportunities",3,4000,True,,biz_elective,
AIM 4330,Advanced Research Techniques for Investment Analysis,3,4000,True,,biz_elective,
AIM 4400,"Applied Ingenuity, Analytics, and Valuation",3,4000,True,,biz_elective,
AIM 4410,"Identifying, Building, Creating and Communicating FinTech Opportunities",3,4000,True,,biz_elective,
AIM 4420,"Automating, Programming, Forecasting, and Generating Disruptive FinTech Intelligence",3,4000,True,,biz_elective,
AIM 4430,Constructing and Communicating Advanced Applications and Valuation of FinTech,3,4000,True,,biz_elective,
AIM 4440,Valuing and Communicating a Market Disrupting Idea,3,4000,True,,biz_elective,
AIM 4470,Applied Regulatory Technology and Quantifying the Ethical Implications of Financial Investments,3,4000,True,,biz_elective,
AIM 4931,Topics in Accelerating Ingenuity in Markets,3,4000,True,,biz_elective,
AIM 4986,Accelerating Ingenuity in Markets Internship - Grading Period,0,4000,True,S/U grade assessment.,biz_elective,
AIM 4989,Applied Ingenuity in Markets Internship Work and Grading Period,0,4000,True,S/U grade assessment.,biz_elective,
AIM 4995,Independent Study in Accelerating Ingenuity in Markets,3,4000,True,,biz_elective,
AIM 4996,AIM Being the Difference,3,4000,True,,biz_elective,
BUAD 1001,Business Day 1,3,1000,True,,biz_elective,
BUAD 1560,Applied Statistics,3,1000,True,,biz_elective,
BUAD 2001,Introduction to Applied Artificial Intelligence,3,2000,True,,biz_elective,
BUAN 3065,Unlocking Business Insights through Predictive Analytics,3,3000,True,,biz_elective,
BUAN 3066,Decision Making through Prescriptive Analytics,3,3000,True,,biz_elective,
BUAN 3986,Internship Work Period,0,3000,True,S/U grade assessment.,biz_elective,
BUAN 4060,Business Analytics: Unstructured Data Analysis,3,4000,True,,biz_elective,
BUAN 4061,Advanced Business Analytics,3,4000,True,,biz_elective,
BUAN 4931,Topics in Business Analytics,3,4000,True,,biz_elective,
BUAN 4986,Business Analytics Internship - Grading Period,0,4000,True,S/U grade assessment.,biz_elective,
BUAN 4989,Business Analytics Internship Work and Grading Period,0,4000,True,S/U grade assessment.,biz_elective,
BULA 3001,Legal and Ethical Environment of Business,3,3000,True,"Marquette Core Curriculum: SSC Basic Needs & Justice, Writing Intensive",biz_elective,
BULA 4001,Business Law for Accounting,3,4000,True,Marquette Core Curriculum: Engage Social Systms & Values 2,biz_elective,
CMST 2300,Business Communication,3,2000,True,,,
ECON 1103,Principles of Microeconomics,3,1000,True,,biz_elective,
ECON 1104,Principles of Macroeconomics,3,1000,True,Marquette Core Curriculum: SSC Expanding Our Horizons,biz_elective,
ECON 3004,Intermediate Macroeconomic Analysis,3,3000,True,,biz_elective,
ECON 4040,International Economics,3,4000,True,Marquette Core Curriculum: SSC Crossing Boundaries,biz_elective,
ECON 4044,Global Integration of Financial Sectors,3,4000,True,,biz_elective,
ECON 4045,Comparative Economic Systems,3,4000,True,,biz_elective,
ECON 4046,International Trade,3,4000,True,,biz_elective,
ECON 4060,Introduction to Econometrics,3,4000,True,Marquette Core Curriculum: NSM Expanding Our Horizons,biz_elective,
ECON 4080,"Money, Banking and Monetary Policy",3,4000,True,,biz_elective,
ENTP 3001,Entrepreneurship,3,3000,True,,biz_elective,
ENTP 4010,New Venture Acceleration,3,4000,True,,biz_elective,
FINA 3001,Introduction to Financial Management,3,3000,True,Marquette Core Curriculum: NSM Basic Needs & Justice,biz_elective,
FINA 3002,Introduction to Banking,3,3000,True,,biz_elective,
FINA 3370,The Arts: Cultural and Economic Values in a Democratic Society,3,3000,True,,biz_elective,
FINA 3986,Internship Work Period,0,3000,True,S/U grade assessment.,biz_elective,
FINA 4001,Advanced Financial Management,3,4000,True,,biz_elective,
FINA 4002,Commercial Real Estate Finance,3,4000,True,,biz_elective,
FINA 4011,Investment Analysis,3,4000,True,,biz_elective,
FINA 4020,Financial Planning,3,4000,True,,biz_elective,
FINA 4023,Applied Venture Capital,3,4000,True,,biz_elective,
FINA 4040,International Finance,3,4000,True,Marquette Core Curriculum: NSM Crossing Boundaries,biz_elective,
FINA 4050,Applied Financial Modeling,3,4000,True,,biz_elective,
FINA 4060,Introduction to Financial Derivatives,3,4000,True,,biz_elective,
FINA 4065,Fixed Income Securities,3,4000,True,,biz_elective,
FINA 4075,FinTech Foundations and Applications,3,4000,True,,biz_elective,
FINA 4081,Investment Banking,3,4000,True,,biz_elective,
FINA 4082,Alternative Investments,3,4000,True,,biz_elective,
FINA 4084,Institutional Investment Consulting,3,4000,True,,biz_elective,
FINA 4085,Sustainable Finance,3,4000,True,,biz_elective,
FINA 4121,Retirement Planning and Employee Benefits,3,4000,True,,biz_elective,
FINA 4122,Estate Planning,3,4000,True,,biz_elective,
FINA 4123,Capstone in Financial Planning,3,4000,True,,biz_elective,
FINA 4191,"Private Equity, Ethics and Society",3,4000,True,,biz_elective,
FINA 4210,Commercial Bank Loan Underwriting,3,4000,True,,biz_elective,
FINA 4211,Bank Risk Management,3,4000,True,,biz_elective,
FINA 4212,Loan Portfolio Management,3,4000,True,,biz_elective,
FINA 4931,Topics in Finance,3,4000,True,,biz_elective,
FINA 4953,Seminar in Finance,3,4000,True,,biz_elective,
FINA 4986,Finance Internship - Grading Period,0,4000,True,S/U grade assessment.,biz_elective,
FINA 4989,Finance Internship Work and Grading Period,0,4000,True,S/U grade assessment.,biz_elective,
FINA 4995,Independent Study in Finance,3,4000,True,,biz_elective,
FINAI 4931,Topics in Finance-International,3,4000,True,Catalog details pending validation.,biz_elective,
HURE 3001,Management of Human Resources,3,3000,True,Marquette Core Curriculum: SSC Basic Needs & Justice,biz_elective,
HURE 4060,People Analytics,3,4000,True,,biz_elective,
HURE 4101,Strategic Human Resource Management,3,4000,True,,biz_elective,
INBUI 4931,Topics in International Business-International,3,4000,True,Catalog details pending validation.,biz_elective,
INSY 3001,Introduction to Information Systems,3,3000,True,,biz_elective,
INSY 3986,Internship Work Period,0,3000,True,S/U grade assessment.,biz_elective,
INSY 4051,Business Applications Development,3,4000,True,,biz_elective,
INSY 4052,Database Management Systems,3,4000,True,,biz_elective,
INSY 4053,Project Management,3,4000,True,,biz_elective,
INSY 4054,Emerging Technologies,3,4000,True,,biz_elective,
INSY 4055,Web-based Applications,3,4000,True,,biz_elective,
INSY 4056,Information Systems Governance,3,4000,True,,biz_elective,
INSY 4156,Privacy and Security,3,4000,True,,biz_elective,
INSY 4158,Systems Analysis and Design,3,4000,True,,biz_elective,
INSY 4931,Topics in Information Systems,3,4000,True,,biz_elective,
INSY 4986,Information Systems Internship - Grading Period,0,4000,True,S/U grade assessment.,biz_elective,
INSY 4989,Information Systems Internship Work and Grading Period,0,4000,True,S/U grade assessment.,biz_elective,
INSY 4995,Independent Study in Information Systems,3,4000,True,,biz_elective,
LEAD 1050,Foundations for Academic and Career Success,0,1000,True,S/U grade assessment.,biz_elective,
LEAD 2000,Career Planning and Application Strategies,3,2000,True,,biz_elective,
LEAD 3000,Strategies for Entering the Business World,3,3000,True,,biz_elective,
MANA 3001,Behavior and Organization,3,3000,True,Marquette Core Curriculum: SSC Individuals & Communities,biz_elective,
MANA 3002,Business and Its Environment,3,3000,True,"Marquette Core Curriculum: SSC Expanding Our Horizons, Writing Intensive",biz_elective,
MANA 3034,Negotiation,3,3000,True,,biz_elective,
MANA 3035,Leading for Inclusion,3,3000,True,Marquette Core Curriculum: Engage Social Systms & Values 2,biz_elective,
MANA 4101,Strategic Management,3,4000,True,,biz_elective,
MARK 3001,Introduction to Marketing,3,3000,True,,biz_elective,
MARK 4040,International Marketing,3,4000,True,Marquette Core Curriculum: SSC Crossing Boundaries,biz_elective,
MARK 4060,Marketing Research,3,4000,True,,biz_elective,
MARK 4065,"Data-Driven Marketing: Analytics, Insights and Applied AI",3,4000,True,,biz_elective,
MARK 4085,Retail and Channel Strategy,3,4000,True,,biz_elective,
MARK 4094,Professional Selling,3,4000,True,,biz_elective,
MATH 1200,Precalculus,3,1000,True,,,
MATH 1400,Elements of Calculus,3,1000,True,,,
MATH 1450,Calculus 1,4,1000,True,,,
OSCM 3001,Operations and Supply Chain Management,3,3000,True,Marquette Core Curriculum: NSM Crossing Boundaries,biz_elective,
OSCM 3986,Internship Work Period,0,3000,True,S/U grade assessment.,biz_elective,
OSCM 4005,Digital Supply Chain Technologies,3,4000,True,,biz_elective,
OSCM 4010,"Manufacturing, Planning and Control",3,4000,True,,biz_elective,
OSCM 4015,Supply Chain Service and Customer Management,3,4000,True,,biz_elective,
OSCM 4020,Quality and Process Management,3,4000,True,,biz_elective,
OSCM 4025,Purchasing and Supply Management,3,4000,True,,biz_elective,
OSCM 4035,Supply Chain Sustainability & Risk Management,3,4000,True,,biz_elective,
OSCM 4040,Global Logistics Management,3,4000,True,,biz_elective,
OSCM 4045,Globalization and Global Operations,3,4000,True,,biz_elective,
OSCM 4057,Enterprise Systems in Supply Chain Management,3,4000,True,,biz_elective,
OSCM 4060,Supply Chain Analytics,3,4000,True,,biz_elective,
OSCM 4065,Artificial Intelligence in Supply Chain,3,4000,True,,biz_elective,
OSCM 4080,Applied Procurement,3,4000,True,,biz_elective,
OSCM 4082,Applied Lean Six Sigma,3,4000,True,,biz_elective,
OSCM 4085,Applied Logistics,3,4000,True,,biz_elective,
OSCM 4931,Topics in Operations and Supply Chain Management,3,4000,True,,biz_elective,
OSCM 4986,Operations and Supply Chain Management Internship - Grading Period,0,4000,True,S/U grade assessment.,biz_elective,
OSCM 4989,Operations & Supply Chain Management Internship Work and Grading Period,0,4000,True,S/U grade assessment.,biz_elective,
OSCM 4995,Independent Study in Operations and Supply Chain Management,3,4000,True,,biz_elective,
OSCM 4997,Capstone in Integrated Supply Chain Strategy,3,4000,True,,biz_elective,
PHIL 4330,Business Ethics,3,4000,True,,,
REAL 3001,Introduction to Commercial Real Estate,3,3000,True,Marquette Core Curriculum: SSC Individuals & Communities,biz_elective,
REAL 4002,Commercial Real Estate Finance,3,4000,True,,biz_elective,
REAL 4061,Real Estate Modeling,3,4000,True,,biz_elective,
REAL 4100,Commercial Real Estate Development,3,4000,True,,biz_elective,
REAL 4210,Real Estate Asset Program - Applied Real Estate Modeling,3,4000,True,,biz_elective,
HURE 3986,Internship Work Period,0,3000,True,S/U grade assessment.,biz_elective,
HURE 3990,Human Resources Internship for Minors - Work Period,0,3000,True,S/U grade assessment.; Not available to students enrolled in the College of Business Administration.,biz_elective,
HURE 4003,Employment Law,3,4000,True,,biz_elective,
HURE 4010,Strategic Compensation and Rewards,3,4000,True,,biz_elective,
HURE 4030,Talent Acquisition & Management,3,4000,True,,biz_elective,
HURE 4080,Talent Development,3,4000,True,,biz_elective,
HURE 4140,International Human Resources Management,3,4000,True,,biz_elective,
HURE 4931,Topics in Human Resources,3,4000,True,,biz_elective,
HURE 4986,Human Resources Internship - Grading Period,0,4000,True,S/U grade assessment.,biz_elective,
HURE 4989,Human Resources Internship Work and Grading Period,0,4000,True,S/U grade assessment.,biz_elective,
HURE 4990,Human Resources Internship for Minors - Grading Period,0,4000,True,S/U grade assessment.; Not available to students enrolled in the College of Business Administration.,biz_elective,
HURE 4991,Human Resources Internship for Minors - Work and Grading Period,0,4000,True,S/U grade assessment.; Not available to students enrolled in the College of Business Administration.,biz_elective,
HURE 4995,Independent Study in Human Resources,3,4000,True,,biz_elective,
MANA 4010,"Leadership, Motivation and Change",3,4000,True,,biz_elective,
CMST 4250,Leadership and Communication,3,4000,True,Placeholder metadata from requirement list; full catalog details pending.,,
ENGL 1001,Foundations in Rhetoric,3,1000,True,,,
PHIL 1001,Foundations in Philosophy,3,1000,True,,,
THEO 1001,Foundations in Theology: Finding God in all Things,3,1000,True,,,
CORE 1929,Foundations in Methods of Inquiry,3,1000,True,,,
ANTH 1001,Being Human,3,1000,True,,,
EDUC 1001,Child and Adolescent Development and Learning,3,1000,True,,,
ENGL 2020,Studies in Culture,3,2000,True,,,
ENGL 2030,Global Literatures,3,2000,True,,,
HEAL 1025,Culture and Health,3,1000,True,,,
HIST 1101,Introduction to American History,3,1000,True,,,
HIST 1130,Latinx History,3,1000,True,,,
HIST 1601,Difference and Democracy,3,1000,True,,,
HIST 1701,Engaging the World,3,1000,True,,,
HOPR 2956H,Honors Engaging Social Systems and Values 1: Engaging the City,3,2000,True,,,
INGS 1001,Introduction to Gender and Sexualities Studies,3,1000,True,,,
INPS 2010,Introduction to Peace Studies,3,2000,True,,,
LLAC 1020,"Cultural Capital: The Link between Language, Art and Political Change",3,1000,True,,,
SOCI 1001,Principles of Sociology,3,1000,True,,,
SOCI 1101,Advocacy for a Just World,3,1000,True,,,
SOWJ 1001,Introduction to Social Welfare and Justice,3,1000,True,,,
SOWJ 1101,Advocacy for a Just World,3,1000,True,,,
SPAN 3300,Peoples and Cultures of Spain,3,3000,True,,,
SPAN 3310,Peoples and Cultures of Latin America,3,3000,True,,,
THAR 2020,Theatre Appreciation,3,2000,True,,,
CORE 4929,The Service of Faith and Promotion of Justice,3,4000,True,,,
ENTP 3080,Funding Strategies for Entrepreneurs,3,3000,True,,biz_elective,
ADPR 4600,International Advertising and Public Relations,3,4000,True,,,
ANTH 4316,Culture Change and Development,3,4000,True,,,
ARBC 3200,Culture and Civilization of the Middle East,3,3000,True,,,
CHNS 3200,Chinese Culture and Civilization,3,3000,True,,,
CHNS 3700,Chinese Business Culture,3,3000,True,,,
CNEN 3810,Introduction to Construction Management,3,3000,True,,,
ECON 3003,Intermediate Microeconomic Analysis,3,3000,True,,biz_elective,
ECON 3042,Applied Global Business Learning,3,3000,True,Marquette Core Curriculum: SSC Crossing Boundaries,biz_elective,
ECON 4012,Urban and Regional Economics,3,4000,True,,biz_elective,
ECON 4047,Development Economics,3,4000,True,Marquette Core Curriculum: SSC Basic Needs & Justice,biz_elective,
ECONI 3040,Global Applied Learning Project: Applied Global Business Learning,3,3000,True,Marquette Core Curriculum: Engage Social Systms & Values 2,biz_elective,
ENTP 4041,International Entrepreneurial Sustainability,3,4000,True,,biz_elective,
HIST 3235,Twentieth Century Europe,3,3000,True,,,
HIST 3455,Middle East,3,3000,True,,,
HIST 4252,Modern Britain,3,4000,True,,,
HIST 4260,Modern Ireland: From the Rising to the Revolution,3,4000,True,,,
HIST 4262,Modern France,3,4000,True,,,
HIST 4264,Historical Justice in Modern Germany,3,4000,True,,,
HIST 4310,Colonial Latin America,3,4000,True,,,
HIST 4350,The Caribbean,3,4000,True,,,
HIST 4500,Modern Japan,3,4000,True,,,
HIST 4555,Modern China,3,4000,True,,,
INBU 4931,Topics in International Business,3,4000,True,,biz_elective,
INBU 4953,Seminar in International Business,3,4000,True,,biz_elective,
INBU 4986,International Business Internship - Grading Period,0,4000,True,S/U grade assessment.,biz_elective,
INBU 4989,International Business Internship Work and Grading Period,0,4000,True,S/U grade assessment.,biz_elective,
ITAL 3200,Italian Culture and Civilization,3,3000,True,,,
MANA 4040,International Management,3,4000,True,,biz_elective,
MANA 4045,"Globalization: Issues, Opportunities and Challenges",3,4000,True,,biz_elective,
MARK 4005,Sports and Entertainment Marketing,3,4000,True,,biz_elective,
MARK 4010,Consumer Behavior,3,4000,True,"Marquette Core Curriculum: SSC Cgntn, Lang, Mmry/Intlgnc",biz_elective,
MARK 4020,Integrated Marketing Communications,3,4000,True,,biz_elective,
MARK 4030,Customer Relationship Management,3,4000,True,,biz_elective,
MARK 4050,Digital Marketing,3,4000,True,Marquette Core Curriculum: SSC Expanding Our Horizons,biz_elective,
MARK 4070,Marketing and Society,3,4000,True,,biz_elective,
MARK 4075,Strategic Brand Management,3,4000,True,,biz_elective,
MARK 4080,Product and Pricing Strategy,3,4000,True,,biz_elective,
MARK 4090,Applied Marketing Consulting,3,4000,True,,biz_elective,
MARK 4095,Retail Marketing,3,4000,True,,biz_elective,
MARK 4110,Marketing Management,3,4000,True,,biz_elective,
MARK 4191,Advanced Selling,3,4000,True,,biz_elective,
MARK 4192,Consultative Sales Leadership,3,4000,True,,biz_elective,
MARK 4200,Measuring Marketing Outcomes,3,4000,True,,biz_elective,
MARK 4931,Topics in Marketing,3,4000,True,,biz_elective,
MARKI 4931,Topics in Marketing-International,3,4000,True,,biz_elective,
POSC 4406,Comparative Public Policy,3,4000,True,,,
POSC 4501,European Politics,3,4000,True,,,
POSC 4511,Russian and Post-Soviet Politics,3,4000,True,,,
POSC 4521,Chinese Politics,3,4000,True,,,
POSC 4541,Latin American Politics,3,4000,True,,,
POSC 4601,International Law,3,4000,True,,,
POSC 4611,International Organizations,3,4000,True,,,
POSC 4621,Politics of the World Economy,3,4000,True,,,
POSC 4661,The Political Economy of Development,3,4000,True,,,
POSC 4731,International Politics of Asia,3,4000,True,,,
REAL 4120,Cases in Commercial Real Estate,3,4000,True,,biz_elective,
REAL 4220,Real Estate Asset Program - Applied Investment Cases,3,4000,True,,biz_elective,
REAL 4230,Real Estate Asset Program - Advanced Real Estate Investing,3,4000,True,,biz_elective,
REAL 4330,Advanced Real Estate Analysis,3,4000,True,,biz_elective,
REAL 4931,Topics in Real Estate,3,4000,True,,biz_elective,
REAL 4986,Real Estate Internship - Grading Period,0,4000,True,S/U grade assessment.,biz_elective,
REAL 4989,Real Estate Internship Work and Grading Period,0,4000,True,S/U grade assessment.,biz_elective,
SPAN 4320,Latin American and Latinx Contemporary Issues,3,4000,True,,,
SPAN 4450,Afro-Hispanic and Afro-Latinx Literatures and Cultures,3,4000,True,,,
BUAD 1060,Business Applications: Basic Business Analytic Tools,3,1000,True,,biz_elective,
BUAD 1931,Topics In Business Administration,3,1000,True,,biz_elective,
BUAD 1986,Applied Business Learning Experience-Work Period,0,1000,True,S/U grade assessment.,biz_elective,
BUAD 1987,Applied Business Learning Experience-Work Period,0,1000,True,S/U grade assessment.,biz_elective,
BUAD 2100,Accounting and Finance Fundamentals for Non-Business Majors,3,2000,True,,biz_elective,
BUAD 2160,Foundations of Personal Finance: College Years and Beyond,3,2000,True,Marquette Core Curriculum: SSC Individuals & Communities,biz_elective,
BUAD 2986,Applied Business Learning Experience-Grading Period,0,2000,True,S/U grade assessment.,biz_elective,
BUAD 2987,Applied Business Learning Experience-Grading Period,0,2000,True,S/U grade assessment.,biz_elective,
BUAD 2989,Applied Business Learning Experience - Work and Grading Period,0,2000,True,S/U grade assessment.,biz_elective,
BUAD 3089,Business and the Non-Profit Sector,0,3000,True,S/U grade assessment.,biz_elective,
BUAD 3399,Applied Business Communication,3,3000,True,,biz_elective,
BUAD 3986,Internship Work Period,0,3000,True,S/U grade assessment.,biz_elective,
BUAD 3987,Internship Work Period,0,3000,True,S/U grade assessment.,biz_elective,
BUAD 3988,Internship Work Period,0,3000,True,S/U grade assessment.,biz_elective,
BUAD 4010,Business in Film,3,4000,True,Marquette Core Curriculum: Writing Intensive,biz_elective,
BUAD 4931,Topics in Business Administration,3,4000,True,,biz_elective,
BUAD 4986,Business Administration Internship - Grading Period,0,4000,True,S/U grade assessment.,biz_elective,
BUAD 4987,Business Administration Internship - Grading Period,0,4000,True,S/U grade assessment.,biz_elective,
BUAD 4988,Internship-Grading Period,0,4000,True,S/U grade assessment.,biz_elective,
BUAD 4989,Internship - Work and Grading Period,0,4000,True,S/U grade assessment.,biz_elective,
BUAD 4990,Internship - Work and Grading Period for International Students,3,4000,True,,biz_elective,
BUAD 4991,Internship - Work Period for International Students,0,4000,True,S/U grade assessment.,biz_elective,
BUAD 4992,Internship - Grading Period for International Students,3,4000,True,,biz_elective,
BUAD 4995,Independent Study in Business Administration,3,4000,True,,biz_elective,
BULA 4931,Topics in Business Law,3,4000,True,,biz_elective,
BULA 4995,Independent Study in Business Law,3,4000,True,,biz_elective,
ECON 1103H,Honors Principles of Microeconomics,3,1000,True,,biz_elective,
ECON 1104H,Honors Principles of Macroeconomics,3,1000,True,,biz_elective,
ECON 1930,Special Topics in Economics,3,1000,True,,biz_elective,
ECON 3399,The College Fed Challenge,3,3000,True,,biz_elective,
ECON 3986,Internship Work Period,0,3000,True,S/U grade assessment.,biz_elective,
ECON 4005,Sports Economics,3,4000,True,,biz_elective,
ECON 4006,Industrial Organization,3,4000,True,,biz_elective,
ECON 4008,Economics and Law,3,4000,True,,biz_elective,
ECON 4010,Public Finance,3,4000,True,Marquette Core Curriculum: SSC Individuals & Communities,biz_elective,
ECON 4016,Environmental and Natural Resource Economics,3,4000,True,Marquette Core Curriculum: SSC Expanding Our Horizons,biz_elective,
ECON 4020,Economics of Labor Markets,3,4000,True,Marquette Core Curriculum: SSC Individuals & Communities,biz_elective,
ECON 4022,Economics of Healthcare and Health Policy,3,4000,True,Marquette Core Curriculum: SSC Basic Needs & Justice,biz_elective,
ECON 4025,Economics of Regulation and Deregulation,3,4000,True,,biz_elective,
ECON 4030,American Economic History,3,4000,True,,biz_elective,
ECON 4065,Mathematical Economics,3,4000,True,,biz_elective,
ECON 4072,Behavioral Economics,3,4000,True,Marquette Core Curriculum: SSC Expanding Our Horizons,biz_elective,
ECON 4931,Topics in Economics,3,4000,True,,biz_elective,
ECON 4986,Economics Internship - Grading Period,0,4000,True,S/U grade assessment.,biz_elective,
ECON 4989,Economics Internship - Work and Grading Period,0,4000,True,S/U grade assessment.,biz_elective,
ECON 4995,Independent Study in Economics,3,4000,True,,biz_elective,
ENTP 3986,Internship Work Period,0,3000,True,S/U grade assessment.,biz_elective,
ENTP 3990,Entrepreneurship Internship for Minors - Work Period,0,3000,True,S/U grade assessment.; Not available to students enrolled in the College of Business Administration.,biz_elective,
ENTP 4020,Consulting to Urban Entrepreneurs,3,4000,True,,biz_elective,
ENTP 4931,Topics in Entrepreneurship,3,4000,True,,biz_elective,
ENTP 4986,Entrepreneurship Internship - Grading Period,0,4000,True,S/U grade assessment.,biz_elective,
ENTP 4989,Entrepreneurship Internship Work and Grading Period,0,4000,True,S/U grade assessment.,biz_elective,
ENTP 4990,Entrepreneurship Internship for Minors - Grading Period,0,4000,True,S/U grade assessment.; Not available to students enrolled in the College of Business Administration.,biz_elective,
ENTP 4991,Entrepreneurship Internship for Minors - Work and Grading Period,0,4000,True,S/U grade assessment.; Not available to students enrolled in the College of Business Administration.,biz_elective,
ENTP 4995,Independent Study in Entrepreneurship,3,4000,True,,biz_elective,
INBU 2953,Seminar for International Exchange Students,0,2000,True,S/U grade assessment.,biz_elective,
INBU 3986,Internship Work Period,0,3000,True,S/U grade assessment.,biz_elective,
INBU 4141,International Business Strategy,3,4000,True,,biz_elective,
INBU 4995,Independent Study in International Business,3,4000,True,,biz_elective,
MANA 3020,Sport Management,3,3000,True,,biz_elective,
MANA 4100,Ethics in Sport Leadership,3,4000,True,,biz_elective,
MANA 4931,Topics in Organizational Management,3,4000,True,,biz_elective,
MANA 4995,Independent Study in Management,3,4000,True,,biz_elective,
MARK 3986,Internship Work Period,0,3000,True,S/U grade assessment.,biz_elective,
MARK 4986,Marketing Internship - Grading Period,0,4000,True,S/U grade assessment.,biz_elective,
MARK 4989,Marketing Internship Work and Grading Period,0,4000,True,S/U grade assessment.,biz_elective,
MARK 4995,Independent Study in Marketing,3,4000,True,,biz_elective,
REAL 3986,Internship Work Period,0,3000,True,S/U grade assessment.,biz_elective,
REAL 4995,Independent Study in Real Estate,3,4000,True,,biz_elective,
COMM 1700,Communication Statistics and Analysis,3,1000,True,Marquette Core Curriculum: NSM Crossing Boundaries; Marquette Core Curriculum: NSM Individuals & Communities,,
COSC 1010,Introduction to Software Development,4,1000,True,"Marquette Core Curriculum: NSM Cgntn, Lang, Mmry/Intlgnc",,
MATH 1410,Calculus for the Biological Sciences,3,1000,True,Marquette Core Curriculum: NSM Basic Needs & Justice,,
MATH 1700,Modern Elementary Statistics,3,1000,True,"Marquette Core Curriculum: NSM Cgntn, Lang, Mmry/Intlgnc; Marquette Core Curriculum: NSM Crossing Boundaries",,
SPAN 3001,Advanced Communication in Spanish,3,3000,True,Marquette Core Curriculum: Engage Social Systms & Values 2; Marquette Core Curriculum: HUM Basic Needs & Justice,,
SPAN 3005,Advanced Communication in Spanish for Heritage Speakers,3,3000,True,Marquette Core Curriculum: HUM Individuals & Communities; Marquette Core Curriculum: Writing Intensive,,
ADPR 4750,Strategic Communication in a Culturally Diverse Marketplace,3,4000,True,,,
ADVE 3986,Internship in Advertising,3,3000,True,,,
ANTH 3100,Urban Anthropology,3,3000,True,,,
ANTH 3986,Internship in Anthropology,3,3000,True,,,
ANTH 4986,Advanced Internship in Anthropology,3,4000,True,,,
ARBC 3220,Arab and Muslim Women in the United States,3,3000,True,,,
ARBC 3800,Re-envision of Disability,3,3000,True,,,
ARSC 4953,Seminar in Urban Social Issues,3,4000,True,,,
BIOL 4987,Applying the Internship Experience 1,3,4000,True,,,
BISC 3929,Reflective Analysis of Global Dental Brigade,0,3000,True,S/U grade assessment.,,
BISC 4460,Practical Cases in Medicine,3,4000,True,,,
CCOM 4986,Corporate Communication Internship,1,4000,True,Catalog credits range: 1-3.,,
CHNS 3215,Chinese Cuisine and Culture,3,3000,True,,,
CMST 3120,Interpersonal Communication,3,3000,True,,,
CMST 4986,Internship in Communication Studies,3,4000,True,,,
CNEN 3860,Construction Materials and Methods,3,3000,True,,,
COMM 4986,Internship in Communication,3,4000,True,,,
CRLS 2540,"Surveillance, Law and Society",3,2000,True,,,
CRLS 3150,Reentry and Life After Incarceration,3,3000,True,,,
CRLS 3170,Policy and Practice for Children Impacted by Incarceration,3,3000,True,,,
CRLS 3986,Internship and Seminar in Criminology and Law Studies,0,3000,True,S/U grade assessment.,,
CRLS 4986,Advanced Internship and Seminar in Criminology and Law Studies,0,4000,True,S/U grade assessment.,,
DGMD 3986,Internship in Digital Media,3,3000,True,,,
EDUC 4965,Student Teaching: Middle/Secondary,3,4000,True,,,
EDUC 4966,Student Teaching: Elementary/Middle,3,4000,True,,,
EDUC 4969,Student Teaching in K-9 and Special Education K-12,3,4000,True,,,
EDUC 4970,Student Teaching in 4-12 and Special Education K-12,3,4000,True,,,
EDUC 4986,Community-Engaged Internship 1,3,4000,True,,,
EDUC 4987,Community-Engaged Internship 2,3,4000,True,,,
ENGL 2001,Ways of Knowing,3,2000,True,,,
ENGL 3140,Sociolinguistics,3,3000,True,,,
ENGL 3223,The Rhetoric of Black Protest,3,3000,True,,,
ENGL 3224,Feminist Rhetorics,3,3000,True,,,
ENGL 3249,Creativity and Community,3,3000,True,,,
ENGL 3250,"Life-Writing, Creativity and Community",3,3000,True,,,
ENGL 3261,Poetry and Community,3,3000,True,,,
ENGL 3453,Romanticism and Nature,3,3000,True,,,
ENGL 3515,Rhetorics of Irish Storytelling,3,3000,True,,,
ENGL 3780,Water Is Life: Indigenous Art and Activism in Changing Climates,3,3000,True,,,
ENGL 3820,Introduction to Critical Race and Ethnic Studies,3,3000,True,,,
ENGL 4221,"The Rhetoric of Martin Luther King, Jr. and Malcolm X",3,4000,True,,,
ENGL 4230,"Writing Center Theory, Practice and Research",3,4000,True,,,
ENGL 4631,Toni Morrison,3,4000,True,,,
ENGL 4739,Narrative 4: Storytelling for Others,3,4000,True,,,
ENGL 4825,Native American / Indigenous Literatures,3,4000,True,,,
ENGL 4826,Global Indigenous Literatures,3,4000,True,,,
ENGL 4988,Practicum in Literature and Language Arts,0,4000,True,S/U grade assessment.,,
EXPH 4986,Exercise Physiology Practicum 2,3,4000,True,,,
FREN 3000,The Many Cultures and Societies of the French Speaking World,3,3000,True,,,
GEEN 2960,Engineering Social Systems and Values,3,2000,True,,,
GEEN 4850,Global Engineering Practice: Leadership and Culture,3,4000,True,,,
GRMN 3540,Heckling Hitler,3,3000,True,,,
GRMN 3550,German Reunification: The Collision of Two Worlds,3,3000,True,,,
GRMN 3552,German Jewry in the 20th Century,3,3000,True,,,
HESC 3929,Global Brigades Reflective Analysis,3,3000,True,,,
HIST 4120,American Immigration,3,4000,True,,,
HIST 4125,Latinx Civil Rights Movements,3,4000,True,,,
HIST 4135,African-American History,3,4000,True,,,
HIST 4140,American Urban History,3,4000,True,,,
HIST 4155,A History of Native America,3,4000,True,,,
HIST 4747,Comparative Homefronts during the Second World War,3,4000,True,,,
INES 4987,Environmental Studies: Applying the Internship Experience,3,4000,True,,,
INGS 4997,Gender and Sexualities Studies Capstone,3,4000,True,,,
INPS 3250,Contemplation and Action,3,3000,True,,,
INPS 4997,Capstone Seminar in Peace Studies,3,4000,True,,,
JOUR 3986,Internship in Journalism,3,3000,True,,,
JOUR 4986,Internship in Journalism,3,4000,True,,,
LLAC 1010,Working Without Borders,3,1000,True,,,
LLAC 3220,Cultures and Foodways,3,3000,True,,,
LLAC 3250,Linguistic Diversity and Social Justice,3,3000,True,,,
MARQ 3929,Engaging Social Systems and Values Reflective Analysis,0,3000,True,S/U grade assessment.,,
MARQ 3961,International Service Learning - Living Justice: Accompaniment in an Unjust World,0,3000,True,S/U grade assessment.,,
MLSC 4180,Concepts in Clinical Education Methods and Practicum,0,4000,True,S/U grade assessment.,,
NURS 3956H,Honors Nursing Practicum 1,3,3000,True,,,
NURS 3965,Community and Population Health Nursing - Clinical 1,0,3000,True,S/U grade assessment.,,
PHIL 3502,"Narrating Freedom: Gender, Race and Mass Incarceration",3,3000,True,,,
PHIL 3507,Global Justice,3,3000,True,,,
PHTH 4512,Culture and Disability,3,4000,True,,,
POSC 4986,"Professional Experience in Washington, D.C.",3,4000,True,,,
PSYC 3201,Introductory Social Psychology,3,3000,True,,,
PSYC 4420,Health Psychology,3,4000,True,,,
PURE 3986,Internship in Public Relations,3,3000,True,,,
SOCI 3700,"Social Movements, Protest and Change",3,3000,True,,,
SOCI 3986,Internship and Seminar in Sociology,3,3000,True,,,
SOCI 4986,Advanced Internship and Seminar in Sociology,0,4000,True,S/U grade assessment.,,
SOWJ 3170,Policy and Practice for Children Impacted by Incarceration,3,3000,True,,,
SOWJ 3400,Advocacy and Social Change: Theory and Practice,3,3000,True,,,
SOWJ 3986,Internship in Social Welfare and Justice,0,3000,True,S/U grade assessment.,,
SOWJ 4700,Global Aid and Humanitarianism,3,4000,True,,,
SOWJ 4986,Advanced Internship in Social Welfare and Justice,0,4000,True,S/U grade assessment.,,
SPAN 4150,Spanish in the United States,3,4000,True,,,
THAR 3620,Multicultural Playwrights,3,3000,True,,,
THAR 4986,Internship in Theatre Arts,3,4000,True,,,
THEO 2500,Theologies of Nonviolence,3,2000,True,,,
THEO 3250,Contemplation and Action,3,3000,True,,,
THEO 3350,Christian-Muslim Dialogue,3,3000,True,,,
THEO 3355,Sikh-Muslim Dialogue,3,3000,True,,,
THEO 3600,Theology Engaging Culture,3,3000,True,,,
THEO 4270,The Many Faces of U.S. Catholicism,3,4000,True,,,
THEO 4400,Christian Faith and Justice 1,3,4000,True,,,
THEO 4520,The Jewish People: Communities of Thought and Practice,3,4000,True,,,
ADPR 2200,Media Writing,3,2000,True,,,
ANTH 2101,Cultural Anthropology,3,2000,True,,,
ARBC 3210,Arabic Literature in English Translation,3,3000,True,,,
BIOL 4102,Experimental Molecular Biology,3,4000,True,,,
BIOL 4202,Experimental Genetics,3,4000,True,,,
BIOL 4302,Experimental Cell Biology,3,4000,True,,,
BIOL 4402,Experimental Ecology and Field Biology,3,4000,True,,,
BIOL 4403,Tropical Ecology in Panama,3,4000,True,,,
BIOL 4502,Experimental Neurobiology,3,4000,True,,,
BIOL 4702,Experimental Physiology,3,4000,True,,,
BIOL 4802,Experimental Microbiology,3,4000,True,,,
BISC 4325,Endocrinology,3,4000,True,,,
CCOM 3250,Corporate Writing,3,3000,True,,,
CMST 3000,Theories in Communication Studies,3,3000,True,,,
CMST 4997,Communication and Contemporary Issues,3,4000,True,,,
CRLS 3050,Methods of Criminological Research,3,3000,True,,,
EDUC 4000,Educational Inquiry 2: Advanced Topics,3,4000,True,,,
EDUC 4540,Philosophy of Education,3,4000,True,,,
ELEN 3025,Electrical Instrumentation Laboratory,2,3000,True,,,
ENGL 2011,Books that Matter,3,2000,True,,,
ENGL 2012,Well Versed,3,2000,True,,,
ENGL 3000,Introduction to Literary Studies,3,3000,True,,,
ENGL 3210,Writing Practices and Processes,3,3000,True,,,
ENGL 3211,"Writing, Literacy, and Rhetoric Studies",3,3000,True,,,
ENGL 3220,Writing for Workplaces,3,3000,True,,,
ENGL 3221,Technical Writing,3,3000,True,,,
ENGL 3222,Writing for Health and Medicine,3,3000,True,,,
ENGL 3240,Introduction to Creative Writing,3,3000,True,,,
ENGL 3241,Crafting the Short Story,3,3000,True,,,
ENGL 3242,Writing Science Fiction and Fantasy,3,3000,True,,,
ENGL 3301,Here Be Monsters,3,3000,True,,,
ENGL 3302,Crossing Over,3,3000,True,,,
ENGL 3410,Drama,3,3000,True,,,
ENGL 3462,Gothic Fiction,3,3000,True,,,
ENGL 3513,Modern Irish Literature,3,3000,True,,,
ENGL 3514,Contemporary Irish Literature,3,3000,True,,,
ENGL 3517,Memory and Forgetting in Contemporary Historical Fiction,3,3000,True,,,
ENGL 3730,What Is a Book?,3,3000,True,,,
ENGL 3734,The Epic,3,3000,True,,,
ENGL 3738,Poetry,3,3000,True,,,
ENGL 3751,The Art of War,3,3000,True,,,
ENGL 3756,The Jury Project,3,3000,True,,,
ENGL 3761,Medicine and Literature,3,3000,True,,,
ENGL 3762,Disability and Literature,3,3000,True,,,
ENGL 3766,Environmental Protection,3,3000,True,,,
ENGL 3785,"LGBTQ+ Narratives: Literature, Film, Theory",3,3000,True,,,
ENGL 3786,Women Writers,3,3000,True,,,
ENGL 3841,Global Hip Hop,3,3000,True,,,
ENGL 3860,The Russian Novel and the Search for Meaning,3,3000,True,,,
ENGL 4000,The Career Class,3,4000,True,,,
ENGL 4220,Rhetorical Theories and Practices,3,4000,True,,,
ENGL 4250,Creative Writing: Fiction,3,4000,True,,,
ENGL 4260,Creative Writing: Poetry,3,4000,True,,,
ENGL 4270,Creative Writing: Nonfiction,3,4000,True,,,
ENGL 4303,Studies in the Medieval Imagination,3,4000,True,,,
ENGL 4311,Themes in Medieval Literature,3,4000,True,,,
ENGL 4331,Shakespeare,3,4000,True,,,
ENGL 4402,The Novel to 1900,3,4000,True,,,
ENGL 4412,"Transatlantic Literature, 1700-1900",3,4000,True,,,
ENGL 4422,British Literature of the Long 18th Century,3,4000,True,,,
ENGL 4423,Legal Fictions of the Enlightenment,3,4000,True,,,
ENGL 4472,"British Literature of the Victorian Period, 1837-1900",3,4000,True,,,
ENGL 4616,Moby-Dick,3,4000,True,,,
ENGL 4715,Children's Literature,3,4000,True,,,
ENGL 4755,Law and Literature,3,4000,True,,,
ENGL 4830,Africana Literatures,3,4000,True,,,
ENGL 4932,Topics in Writing,3,4000,True,,,
ENGL 4954,Seminar in Creative Writing,3,4000,True,,,
ENGL 4997,Capstone,3,4000,True,,,
EXPH 4020,Clinical Case Management in Exercise Science,3,4000,True,,,
FILM 2600,Writing About Film,3,2000,True,,,
FREN 4110,Advanced Grammar and Written Expression in French,3,4000,True,,,
FREN 4270,French Holocaust Writings in English Translation,3,4000,True,,,
FREN 4280,Creative Writing in French,3,4000,True,,,
GEEN 2961,E-Lead 1: Foundations of Leadership and Individual Development,2,2000,True,,,
GRMN 3500,The Modern German Short Story,3,3000,True,,,
GRMN 3505,The Modern German Short Story in English,3,3000,True,,,
HIST 1301,History of Latin America,3,1000,True,,,
HIST 3104,The Civil War Era,3,3000,True,,,
HIST 4210,The Black Death,3,4000,True,,,
HIST 4460,Race and History of South Africa,3,4000,True,,,
HIST 4955,Undergraduate Seminar in History,3,4000,True,,,
INCG 4997,Capstone in Cognitive Science,3,4000,True,,,
JOUR 4150,Investigative Reporting,3,4000,True,,,
NURS 4000,Quality and Safety in Nursing,3,4000,True,,,
PHIL 3505,Philosophy and Film,3,3000,True,,,
PHIL 3610,Ancient Philosophy,3,3000,True,,,
PHIL 4540,Philosophy of Education,3,4000,True,,,
PHIL 4954,Writing-Intensive Seminar in Philosophy,3,4000,True,,,
POSC 3101,Writing and Argumentation in Political Science,3,3000,True,,,
POSC 4217,Research and Writing for Public Policy,1,4000,True,Catalog credits range: 1-3.,,
PURE 3600,Public Relations Writing,3,3000,True,,,
SOCI 3050,Methods of Social Research,3,3000,True,,,
SPAN 3500,"Texts, Images and Critical Thinking in Spanish",3,3000,True,,,
SPAN 3505,"Texts, Images, and Critical Thinking in Spanish for Heritage and Native Speakers",3,3000,True,,,
SPAN 4700,Creative Writing in Spanish,3,4000,True,,,
THAR 4600,Playwriting,3,4000,True,,,
THEO 3130,Miracles,3,3000,True,,,
THEO 3280,The Life and Teachings of Saint Ignatius of Loyola,3,3000,True,,,
THEO 3530,Theology and Economics,3,3000,True,,,
THEO 4210,History and Theology of the Christian East,3,4000,True,,,
THEO 4300,The Question of God in a Secular Age,3,4000,True,,,
THEO 4460,"Religion, Science and Ethics",3,4000,True,,,
