parent_bucket_id,child_bucket_id,course_code,notes
BCC_CORE,BCC_REQUIRED,ACCO 1030,
BCC_CORE,BCC_REQUIRED,ACCO 1031,
ACCO_MAJOR,acco-req-core,ACCO 3001,
AIM_CFA_TRACK,aim-cfa-req-core,ACCO 3001,
CB_TRACK,commbank-choose-2,ACCO 3001,
ACCO_MAJOR,acco-req-core,ACCO 4000,
ACCO_MAJOR,acco-req-core,ACCO 4010,
ACCO_MAJOR,acco-req-core,ACCO 4020,
CB_TRACK,commbank-choose-2,ACCO 4020,
ACCO_MAJOR,acco-req-core,ACCO 4030,
ACCO_MAJOR,acco-choose-2,ACCO 4040,
AIM_CFA_TRACK,aim-cfa-intl-choose-1,ACCO 4040,
CB_TRACK,commbank-choose-1,ACCO 4040,
INBU_MAJOR,inbu-functional-choose-3,ACCO 4040,
ACCO_MAJOR,acco-choose-2,ACCO 4045,
INBU_MAJOR,inbu-functional-choose-3,ACCO 4045,
AIM_MAJOR,aim-choose-1,ACCO 4050,
ACCO_MAJOR,acco-choose-2,ACCO 4060,
BCC_CORE,BCC_ANALYTICS,ACCO 4060,
BUAN_MAJOR,buan-choose-1,ACCO 4060,
ACCO_MAJOR,acco-choose-2,ACCO 4080,
AIM_CFA_TRACK,aim-cfa-req-core,ACCO 4080,
AIM_IB_TRACK,aim-pcib-req-core,ACCO 4080,
AIM_MAJOR,aim-req-core,ACCO 4080,
FIN_MAJOR,choose-1,ACCO 4080,
CB_TRACK,commbank-choose-2,ACCO 4080,
REAL_MAJOR,real-choose-1,ACCO 4080,
ACCO_MAJOR,acco-choose-2,ACCO 4119,
ACCO_MAJOR,acco-req-core,ACCO 4170,
ACCO_MAJOR,acco-choose-2,ACCO 4931,
AIM_CFA_TRACK,aim-cfa-intl-choose-1,ACCOI 4931,
INBU_MAJOR,inbu-exp-global-1,ACCOI 4931,
INBU_MAJOR,inbu-study-abroad-1,ACCOI 4931,
INBU_MAJOR,inbu-functional-choose-3,ADPR 4600,
AIM_CFA_TRACK,aim-cfa-req-core,AIM 4310,
AIM_IB_TRACK,aim-pcib-req-core,AIM 4310,
AIM_CFA_TRACK,aim-cfa-req-core,AIM 4320,
AIM_MAJOR,aim-choose-1,AIM 4320,
BCC_CORE,BCC_ANALYTICS,AIM 4320,
AIM_CFA_TRACK,aim-cfa-req-core,AIM 4330,
AIM_IB_TRACK,aim-pcib-req-core,AIM 4400,
AIM_MAJOR,aim-req-core,AIM 4400,
FIN_MAJOR,choose-1,AIM 4400,
AIM_FINTECH_TRACK,aim-fintech-req-core,AIM 4410,
AIM_FINTECH_TRACK,aim-fintech-req-core,AIM 4420,
BCC_CORE,BCC_ANALYTICS,AIM 4420,
AIM_FINTECH_TRACK,aim-fintech-req-core,AIM 4430,
AIM_MAJOR,aim-req-core,AIM 4440,
FIN_MAJOR,choose-1,AIM 4440,
AIM_CFA_TRACK,aim-cfa-req-core,AIM 4470,
AIM_FINTECH_TRACK,aim-fintech-req-core,AIM 4470,
AIM_IB_TRACK,aim-pcib-req-core,AIM 4470,
AIM_MAJOR,aim-req-core,AIM 4470,
BCC_CORE,BCC_ETHICS,AIM 4470,
AIM_MAJOR,aim-choose-1,AIM 4931,
AIM_MAJOR,aim-choose-1,AIM 4995,
AIM_CFA_TRACK,aim-cfa-req-core,AIM 4996,
AIM_FINTECH_TRACK,aim-fintech-req-core,AIM 4996,
AIM_IB_TRACK,aim-pcib-req-core,AIM 4996,
AIM_MAJOR,aim-req-core,AIM 4996,
MCC_FOUNDATION,MCC_ESSV1,ANTH 1001,
INBU_MAJOR,inbu-exp-global-1,ANTH 4316,
INBU_MAJOR,inbu-exp-global-1,ARBC 3200,
BCC_CORE,BCC_REQUIRED,BUAD 1001,
BCC_CORE,BCC_REQUIRED,BUAD 1560,
BCC_CORE,BCC_REQUIRED,BUAD 2001,
AIM_MAJOR,aim-choose-1,BUAN 3065,
BCC_CORE,BCC_ANALYTICS,BUAN 3065,
BUAN_MAJOR,buan-req-core,BUAN 3065,
BUAN_MAJOR,buan-req-core,BUAN 3066,
BUAN_MAJOR,buan-choose-1,BUAN 4060,
BUAN_MAJOR,buan-adv,BUAN 4061,
BCC_CORE,BCC_ETHICS,BULA 3001,
ACCO_MAJOR,acco-req-core,BULA 4001,
INBU_MAJOR,inbu-exp-global-1,CHNS 3200,
INBU_MAJOR,inbu-exp-global-1,CHNS 3700,
BCC_CORE,BCC_REQUIRED,CMST 2300,
HURE_LEAD_TRACK,buslead-choose-1,CMST 4250,
REAL_MAJOR,real-choose-1,CNEN 3810,
MCC_FOUNDATION,MCC_CORE,CORE 1929,
MCC_CULM,MCC_CULM,CORE 4929,
BCC_CORE,BCC_REQUIRED,ECON 1103,
BECO_MAJOR,beco-req-core,ECON 1103,
BCC_CORE,BCC_REQUIRED,ECON 1104,
BECO_MAJOR,beco-req-core,ECON 1104,
BECO_MAJOR,beco-econ-3000plus-9,ECON 3003,
BECO_MAJOR,beco-req-core,ECON 3003,
BECO_MAJOR,beco-econ-3000plus-9,ECON 3004,
BECO_MAJOR,beco-req-core,ECON 3004,
BECO_MAJOR,beco-econ-3000plus-9,ECON 3042,
INBU_MAJOR,inbu-functional-choose-3,ECON 3042,
BECO_MAJOR,beco-econ-3000plus-9,ECON 3399,
BECO_MAJOR,beco-econ-3000plus-9,ECON 3986,
BECO_MAJOR,beco-econ-3000plus-9,ECON 4005,
BECO_MAJOR,beco-econ-3000plus-9,ECON 4006,
BECO_MAJOR,beco-econ-3000plus-9,ECON 4008,
BECO_MAJOR,beco-econ-3000plus-9,ECON 4010,
BECO_MAJOR,beco-econ-3000plus-9,ECON 4012,
REAL_MAJOR,real-choose-1,ECON 4012,
BECO_MAJOR,beco-econ-3000plus-9,ECON 4016,
BECO_MAJOR,beco-econ-3000plus-9,ECON 4020,
BECO_MAJOR,beco-econ-3000plus-9,ECON 4022,
BECO_MAJOR,beco-econ-3000plus-9,ECON 4025,
BECO_MAJOR,beco-econ-3000plus-9,ECON 4030,
AIM_CFA_TRACK,aim-cfa-intl-choose-1,ECON 4040,
BECO_MAJOR,beco-econ-3000plus-9,ECON 4040,
CB_TRACK,commbank-choose-1,ECON 4040,
INBU_MAJOR,inbu-functional-choose-3,ECON 4040,
AIM_CFA_TRACK,aim-cfa-intl-choose-1,ECON 4044,
BECO_MAJOR,beco-econ-3000plus-9,ECON 4044,
CB_TRACK,commbank-choose-1,ECON 4044,
INBU_MAJOR,inbu-functional-choose-3,ECON 4044,
AIM_CFA_TRACK,aim-cfa-intl-choose-1,ECON 4045,
BECO_MAJOR,beco-econ-3000plus-9,ECON 4045,
INBU_MAJOR,inbu-functional-choose-3,ECON 4045,
AIM_CFA_TRACK,aim-cfa-intl-choose-1,ECON 4046,
BECO_MAJOR,beco-econ-3000plus-9,ECON 4046,
INBU_MAJOR,inbu-functional-choose-3,ECON 4046,
BECO_MAJOR,beco-econ-3000plus-9,ECON 4047,
INBU_MAJOR,inbu-functional-choose-3,ECON 4047,
AIM_MAJOR,aim-choose-1,ECON 4060,
BCC_CORE,BCC_ANALYTICS,ECON 4060,
BECO_MAJOR,beco-econ-3000plus-9,ECON 4060,
BECO_MAJOR,beco-req-core,ECON 4060,
BECO_MAJOR,beco-econ-3000plus-9,ECON 4065,
BECO_MAJOR,beco-econ-3000plus-9,ECON 4072,
AIM_CFA_TRACK,aim-cfa-intl-choose-1,ECON 4080,
BECO_MAJOR,beco-econ-3000plus-9,ECON 4080,
CB_TRACK,commbank-choose-2,ECON 4080,
BECO_MAJOR,beco-econ-3000plus-9,ECON 4931,
BECO_MAJOR,beco-econ-3000plus-9,ECON 4986,
BECO_MAJOR,beco-econ-3000plus-9,ECON 4989,
BECO_MAJOR,beco-econ-3000plus-9,ECON 4995,
INBU_MAJOR,inbu-exp-global-1,ECONI 3040,
INBU_MAJOR,inbu-study-abroad-1,ECONI 3040,
MCC_FOUNDATION,MCC_ESSV1,EDUC 1001,
MCC_FOUNDATION,MCC_CORE,ENGL 1001,
MCC_FOUNDATION,MCC_ESSV1,ENGL 2020,
MCC_FOUNDATION,MCC_ESSV1,ENGL 2030,
BCC_CORE,BCC_ENHANCE,ENTP 3001,
FIN_MAJOR,choose-1,ENTP 3080,
AIM_MAJOR,aim-choose-1,ENTP 4010,
INBU_MAJOR,inbu-functional-choose-3,ENTP 4041,
BCC_CORE,BCC_REQUIRED,FINA 3001,
CB_TRACK,commbank-req-core,FINA 3001,
FIN_MAJOR,fina-req-core,FINA 3001,
FP_TRACK,finplan-req-core,FINA 3001,
FIN_MAJOR,choose-1,FINA 3002,
FIN_MAJOR,choose-2,FINA 3002,
CB_TRACK,commbank-req-core,FINA 3002,
CB_TRACK,commbank-req-core,FINA 4001,
FIN_MAJOR,fina-req-core,FINA 4001,
FP_TRACK,finplan-req-core,FINA 4001,
REAL_MAJOR,real-choose-1,FINA 4001,
AIM_MAJOR,aim-choose-1,FINA 4002,
FIN_MAJOR,choose-1,FINA 4002,
FIN_MAJOR,choose-2,FINA 4002,
CB_TRACK,commbank-choose-2,FINA 4002,
REAL_MAJOR,real-req-core,FINA 4002,
REAL_REAP_TRACK,reap-foundation-req,FINA 4002,
CB_TRACK,commbank-req-core,FINA 4011,
FIN_MAJOR,fina-req-core,FINA 4011,
FP_TRACK,finplan-req-core,FINA 4011,
REAL_MAJOR,real-choose-1,FINA 4011,
FIN_MAJOR,choose-1,FINA 4020,
FIN_MAJOR,choose-2,FINA 4020,
FP_TRACK,finplan-req-core,FINA 4020,
AIM_IB_TRACK,aim-pcib-req-core,FINA 4023,
FIN_MAJOR,choose-1,FINA 4023,
FIN_MAJOR,choose-2,FINA 4023,
AIM_CFA_TRACK,aim-cfa-intl-choose-1,FINA 4040,
FIN_MAJOR,choose-1,FINA 4040,
FIN_MAJOR,choose-2,FINA 4040,
CB_TRACK,commbank-choose-1,FINA 4040,
INBU_MAJOR,inbu-functional-choose-3,FINA 4040,
BCC_CORE,BCC_ANALYTICS,FINA 4050,
FIN_MAJOR,choose-1,FINA 4050,
FIN_MAJOR,choose-2,FINA 4050,
CB_TRACK,commbank-req-core,FINA 4050,
FIN_MAJOR,choose-1,FINA 4060,
FIN_MAJOR,choose-2,FINA 4060,
AIM_CFA_TRACK,aim-cfa-req-core,FINA 4065,
FIN_MAJOR,choose-1,FINA 4065,
FIN_MAJOR,choose-2,FINA 4065,
CB_TRACK,commbank-choose-2,FINA 4065,
ACCO_MAJOR,acco-choose-2,FINA 4075,
AIM_CFA_TRACK,aim-cfa-req-core,FINA 4075,
AIM_FINTECH_TRACK,aim-fintech-req-core,FINA 4075,
FIN_MAJOR,choose-1,FINA 4075,
FIN_MAJOR,choose-2,FINA 4075,
CB_TRACK,commbank-choose-2,FINA 4075,
AIM_IB_TRACK,aim-pcib-req-core,FINA 4081,
FIN_MAJOR,choose-1,FINA 4081,
FIN_MAJOR,choose-2,FINA 4081,
CB_TRACK,commbank-choose-2,FINA 4081,
FIN_MAJOR,choose-1,FINA 4082,
FIN_MAJOR,choose-2,FINA 4082,
CB_TRACK,commbank-choose-2,FINA 4082,
AIM_IB_TRACK,aim-pcib-req-core,FINA 4084,
FIN_MAJOR,choose-1,FINA 4084,
FIN_MAJOR,choose-2,FINA 4084,
CB_TRACK,commbank-choose-2,FINA 4084,
BCC_CORE,BCC_ETHICS,FINA 4085,
FIN_MAJOR,choose-1,FINA 4085,
FIN_MAJOR,choose-2,FINA 4085,
FP_TRACK,finplan-req-core,FINA 4121,
FP_TRACK,finplan-req-core,FINA 4122,
FP_TRACK,finplan-req-core,FINA 4123,
AIM_IB_TRACK,aim-pcib-req-core,FINA 4191,
BCC_CORE,BCC_ETHICS,FINA 4191,
FIN_MAJOR,choose-2,FINA 4191,
AIM_IB_TRACK,aim-pcib-req-core,FINA 4210,
FIN_MAJOR,choose-1,FINA 4210,
FIN_MAJOR,choose-2,FINA 4210,
CB_TRACK,commbank-req-core,FINA 4210,
FIN_MAJOR,choose-1,FINA 4211,
FIN_MAJOR,choose-2,FINA 4211,
CB_TRACK,commbank-req-core,FINA 4211,
FIN_MAJOR,choose-1,FINA 4212,
FIN_MAJOR,choose-2,FINA 4212,
CB_TRACK,commbank-req-core,FINA 4212,
FIN_MAJOR,choose-1,FINA 4931,
FIN_MAJOR,choose-2,FINA 4931,
FIN_MAJOR,choose-1,FINA 4953,
FIN_MAJOR,choose-2,FINA 4953,
FIN_MAJOR,choose-1,FINA 4986,
FIN_MAJOR,choose-2,FINA 4986,
FIN_MAJOR,choose-1,FINA 4989,
FIN_MAJOR,choose-2,FINA 4989,
AIM_CFA_TRACK,aim-cfa-intl-choose-1,FINAI 4931,
FIN_MAJOR,choose-1,FINAI 4931,
FIN_MAJOR,choose-2,FINAI 4931,
CB_TRACK,commbank-choose-1,FINAI 4931,
INBU_MAJOR,inbu-exp-global-1,FINAI 4931,
INBU_MAJOR,inbu-study-abroad-1,FINAI 4931,
MCC_FOUNDATION,MCC_ESSV1,HEAL 1025,
MCC_FOUNDATION,MCC_ESSV1,HIST 1101,
MCC_FOUNDATION,MCC_ESSV1,HIST 1130,
MCC_FOUNDATION,MCC_ESSV1,HIST 1601,
MCC_FOUNDATION,MCC_ESSV1,HIST 1701,
INBU_MAJOR,inbu-exp-global-1,HIST 3235,
INBU_MAJOR,inbu-exp-global-1,HIST 3455,
INBU_MAJOR,inbu-exp-global-1,HIST 4252,
INBU_MAJOR,inbu-exp-global-1,HIST 4260,
INBU_MAJOR,inbu-exp-global-1,HIST 4262,
INBU_MAJOR,inbu-exp-global-1,HIST 4264,
INBU_MAJOR,inbu-exp-global-1,HIST 4310,
INBU_MAJOR,inbu-exp-global-1,HIST 4350,
INBU_MAJOR,inbu-exp-global-1,HIST 4500,
INBU_MAJOR,inbu-exp-global-1,HIST 4555,
MCC_FOUNDATION,MCC_ESSV1,HOPR 2956H,
BCC_CORE,BCC_ENHANCE,HURE 3001,
HURE_LEAD_TRACK,buslead-req-core,HURE 3001,
HURE_MAJOR,hure-req-core,HURE 3001,
HURE_MAJOR,hure-choose-3,HURE 4003,
HURE_LEAD_TRACK,buslead-choose-1,HURE 4010,
HURE_MAJOR,hure-choose-3,HURE 4010,
HURE_LEAD_TRACK,buslead-req-core,HURE 4030,
HURE_MAJOR,hure-req-core,HURE 4030,
BCC_CORE,BCC_ANALYTICS,HURE 4060,
BUAN_MAJOR,buan-choose-1,HURE 4060,
HURE_LEAD_TRACK,buslead-choose-1,HURE 4060,
HURE_MAJOR,hure-choose-3,HURE 4060,
HURE_LEAD_TRACK,buslead-req-core,HURE 4080,
HURE_MAJOR,hure-req-core,HURE 4080,
AIM_MAJOR,aim-choose-1,HURE 4101,
HURE_LEAD_TRACK,buslead-choose-1,HURE 4101,
HURE_MAJOR,hure-choose-3,HURE 4101,
HURE_MAJOR,hure-choose-3,HURE 4140,
INBU_MAJOR,inbu-functional-choose-3,HURE 4140,
HURE_MAJOR,hure-choose-3,HURE 4931,
INBU_MAJOR,inbu-functional-choose-3,INBU 4931,
INBU_MAJOR,inbu-exp-global-1,INBU 4953,
INBU_MAJOR,inbu-exp-global-1,INBU 4986,
INBU_MAJOR,inbu-exp-global-1,INBU 4989,
AIM_CFA_TRACK,aim-cfa-intl-choose-1,INBUI 4931,
CB_TRACK,commbank-choose-1,INBUI 4931,
INBU_MAJOR,inbu-exp-global-1,INBUI 4931,
INBU_MAJOR,inbu-study-abroad-1,INBUI 4931,
MCC_FOUNDATION,MCC_ESSV1,INGS 1001,
MCC_FOUNDATION,MCC_ESSV1,INPS 2010,
BCC_CORE,BCC_REQUIRED,INSY 3001,
INSY_MAJOR,insy-req-core,INSY 3001,
CB_TRACK,commbank-choose-2,INSY 4051,
INSY_MAJOR,insy-req-core,INSY 4051,
BCC_CORE,BCC_ANALYTICS,INSY 4052,
BUAN_MAJOR,buan-req-core,INSY 4052,
INSY_MAJOR,insy-req-core,INSY 4052,
AIM_MAJOR,aim-choose-1,INSY 4053,
CB_TRACK,commbank-choose-2,INSY 4053,
INSY_MAJOR,insy-choose-2,INSY 4053,
OSCM_MAJOR,oscm-choose-1,INSY 4053,
AIM_MAJOR,aim-choose-1,INSY 4054,
BUAN_MAJOR,buan-adv,INSY 4054,
INSY_MAJOR,insy-choose-2,INSY 4054,
INSY_MAJOR,insy-choose-2,INSY 4055,
INSY_MAJOR,insy-choose-2,INSY 4056,
INSY_MAJOR,insy-choose-2,INSY 4156,
INSY_MAJOR,insy-req-core,INSY 4158,
INSY_MAJOR,insy-choose-2,INSY 4931,
INBU_MAJOR,inbu-exp-global-1,ITAL 3200,
BCC_CORE,BCC_REQUIRED,LEAD 1050,
BCC_CORE,BCC_REQUIRED,LEAD 2000,
BCC_CORE,BCC_REQUIRED,LEAD 3000,
MCC_FOUNDATION,MCC_ESSV1,LLAC 1020,
BADM_MAJOR,badm-req-core,MANA 3001,
BCC_CORE,BCC_REQUIRED,MANA 3001,
BCC_CORE,BCC_ETHICS,MANA 3002,
HURE_LEAD_TRACK,buslead-choose-1,MANA 3002,
AIM_MAJOR,aim-choose-1,MANA 3034,
HURE_LEAD_TRACK,buslead-choose-2,MANA 3034,
HURE_MAJOR,hure-choose-3,MANA 3034,
OSCM_MAJOR,oscm-choose-1,MANA 3034,
AIM_MAJOR,aim-choose-1,MANA 3035,
HURE_LEAD_TRACK,buslead-choose-2,MANA 3035,
HURE_MAJOR,hure-choose-3,MANA 3035,
HURE_LEAD_TRACK,buslead-choose-2,MANA 4010,
HURE_MAJOR,hure-choose-3,MANA 4010,
INBU_MAJOR,inbu-functional-choose-3,MANA 4040,
INBU_MAJOR,inbu-functional-choose-3,MANA 4045,
BCC_CORE,BCC_REQUIRED,MANA 4101,
BCC_CORE,BCC_REQUIRED,MARK 3001,
MARK_MAJOR,mark-req-core,MARK 3001,
MARK_PRSL_TRACK,prsl-req-core,MARK 3001,
MARK_MAJOR,mark-choose-3,MARK 4005,
MARK_MAJOR,mark-choose-3,MARK 4010,
MARK_MAJOR,mark-choose-3,MARK 4020,
MARK_MAJOR,mark-choose-3,MARK 4030,
MARK_PRSL_TRACK,prsl-choose-2,MARK 4030,
CB_TRACK,commbank-choose-1,MARK 4040,
INBU_MAJOR,inbu-functional-choose-3,MARK 4040,
MARK_MAJOR,mark-choose-3,MARK 4040,
MARK_MAJOR,mark-choose-3,MARK 4050,
BCC_CORE,BCC_ANALYTICS,MARK 4060,
MARK_MAJOR,mark-req-core,MARK 4060,
MARK_PRSL_TRACK,prsl-req-core,MARK 4060,
BCC_CORE,BCC_ANALYTICS,MARK 4065,
BUAN_MAJOR,buan-choose-1,MARK 4065,
MARK_MAJOR,mark-choose-3,MARK 4065,
MARK_MAJOR,mark-choose-3,MARK 4070,
MARK_MAJOR,mark-choose-3,MARK 4075,
MARK_MAJOR,mark-choose-3,MARK 4080,
MARK_MAJOR,mark-choose-3,MARK 4085,
OSCM_MAJOR,oscm-choose-1,MARK 4085,
MARK_MAJOR,mark-choose-3,MARK 4090,
AIM_MAJOR,aim-choose-1,MARK 4094,
AIM_IB_TRACK,aim-pcib-req-core,MARK 4094,
CB_TRACK,commbank-choose-2,MARK 4094,
MARK_MAJOR,mark-choose-3,MARK 4094,
MARK_PRSL_TRACK,prsl-req-core,MARK 4094,
REAL_MAJOR,real-choose-1,MARK 4094,
MARK_MAJOR,mark-choose-3,MARK 4095,
MARK_MAJOR,mark-req-core,MARK 4110,
MARK_PRSL_TRACK,prsl-req-core,MARK 4110,
MARK_MAJOR,mark-choose-3,MARK 4191,
MARK_PRSL_TRACK,prsl-choose-2,MARK 4191,
MARK_MAJOR,mark-choose-3,MARK 4192,
MARK_PRSL_TRACK,prsl-choose-2,MARK 4192,
MARK_MAJOR,mark-choose-3,MARK 4200,
MARK_MAJOR,mark-choose-3,MARK 4931,
INBU_MAJOR,inbu-exp-global-1,MARKI 4931,
INBU_MAJOR,inbu-study-abroad-1,MARKI 4931,
BCC_CORE,BCC_REQUIRED,MATH 1400,
BCC_CORE,BCC_REQUIRED,MATH 1450,
BCC_CORE,BCC_REQUIRED,OSCM 3001,
OSCM_MAJOR,oscm-req-core,OSCM 3001,
OSCM_MAJOR,oscm-choose-1,OSCM 4005,
OSCM_MAJOR,oscm-req-core,OSCM 4010,
OSCM_MAJOR,oscm-choose-1,OSCM 4015,
OSCM_MAJOR,oscm-choose-1,OSCM 4020,
OSCM_MAJOR,oscm-req-core,OSCM 4025,
BCC_CORE,BCC_ETHICS,OSCM 4035,
OSCM_MAJOR,oscm-choose-1,OSCM 4035,
INBU_MAJOR,inbu-functional-choose-3,OSCM 4040,
OSCM_MAJOR,oscm-req-core,OSCM 4040,
INBU_MAJOR,inbu-functional-choose-3,OSCM 4045,
OSCM_MAJOR,oscm-choose-1,OSCM 4045,
AIM_MAJOR,aim-choose-1,OSCM 4060,
BCC_CORE,BCC_ANALYTICS,OSCM 4060,
BUAN_MAJOR,buan-choose-1,OSCM 4060,
OSCM_MAJOR,oscm-choose-1,OSCM 4060,
OSCM_MAJOR,oscm-choose-1,OSCM 4065,
OSCM_MAJOR,oscm-choose-1,OSCM 4080,
OSCM_MAJOR,oscm-choose-1,OSCM 4082,
OSCM_MAJOR,oscm-choose-1,OSCM 4085,
OSCM_MAJOR,oscm-choose-1,OSCM 4931,
OSCM_MAJOR,oscm-req-core,OSCM 4997,
MCC_FOUNDATION,MCC_CORE,PHIL 1001,
BCC_CORE,BCC_ETHICS,PHIL 4330,
INBU_MAJOR,inbu-exp-global-1,POSC 4406,
INBU_MAJOR,inbu-exp-global-1,POSC 4501,
INBU_MAJOR,inbu-exp-global-1,POSC 4511,
INBU_MAJOR,inbu-exp-global-1,POSC 4521,
INBU_MAJOR,inbu-exp-global-1,POSC 4541,
INBU_MAJOR,inbu-exp-global-1,POSC 4601,
INBU_MAJOR,inbu-exp-global-1,POSC 4611,
INBU_MAJOR,inbu-exp-global-1,POSC 4621,
INBU_MAJOR,inbu-exp-global-1,POSC 4661,
INBU_MAJOR,inbu-exp-global-1,POSC 4731,
AIM_MAJOR,aim-choose-1,REAL 3001,
BCC_CORE,BCC_ENHANCE,REAL 3001,
CB_TRACK,commbank-req-core,REAL 3001,
REAL_MAJOR,real-req-core,REAL 3001,
REAL_REAP_TRACK,reap-foundation-req,REAL 3001,
BCC_CORE,BCC_ANALYTICS,REAL 4061,
CB_TRACK,commbank-choose-2,REAL 4061,
CB_TRACK,commbank-req-core,REAL 4061,
REAL_MAJOR,real-req-core,REAL 4061,
REAL_REAP_TRACK,reap-model-dev-choose-1,REAL 4061,
CB_TRACK,commbank-choose-2,REAL 4100,
REAL_MAJOR,real-req-core,REAL 4100,
REAL_REAP_TRACK,reap-model-dev-choose-1,REAL 4100,
REAL_MAJOR,real-req-core,REAL 4120,
BCC_CORE,BCC_ANALYTICS,REAL 4210,
REAL_REAP_TRACK,reap-applied-req,REAL 4210,
REAL_REAP_TRACK,reap-applied-req,REAL 4220,
REAL_REAP_TRACK,reap-applied-req,REAL 4230,
REAL_MAJOR,real-choose-1,REAL 4330,
REAL_MAJOR,real-choose-1,REAL 4931,
REAL_MAJOR,real-choose-1,REAL 4986,
REAL_MAJOR,real-choose-1,REAL 4989,
MCC_FOUNDATION,MCC_ESSV1,SOCI 1001,
MCC_FOUNDATION,MCC_ESSV1,SOCI 1101,
MCC_FOUNDATION,MCC_ESSV1,SOWJ 1001,
MCC_FOUNDATION,MCC_ESSV1,SOWJ 1101,
INBU_MAJOR,inbu-exp-global-1,SPAN 3300,
MCC_FOUNDATION,MCC_ESSV1,SPAN 3300,
INBU_MAJOR,inbu-exp-global-1,SPAN 3310,
MCC_FOUNDATION,MCC_ESSV1,SPAN 3310,
INBU_MAJOR,inbu-exp-global-1,SPAN 4320,
INBU_MAJOR,inbu-exp-global-1,SPAN 4450,
MCC_FOUNDATION,MCC_ESSV1,THAR 2020,
MCC_FOUNDATION,MCC_CORE,THEO 1001,
MCC_ESSV2,MCC_ESSV2,ADPR 4750,
MCC_ESSV2,MCC_ESSV2,ADVE 3986,
MCC_ESSV2,MCC_ESSV2,ANTH 3100,
MCC_ESSV2,MCC_ESSV2,ANTH 3986,
MCC_ESSV2,MCC_ESSV2,ANTH 4986,
MCC_ESSV2,MCC_ESSV2,ARBC 3200,
MCC_ESSV2,MCC_ESSV2,ARBC 3220,
MCC_ESSV2,MCC_ESSV2,ARBC 3800,
MCC_ESSV2,MCC_ESSV2,ARSC 4953,
MCC_ESSV2,MCC_ESSV2,BIOL 4987,
MCC_ESSV2,MCC_ESSV2,BISC 3929,
MCC_ESSV2,MCC_ESSV2,BISC 4460,
MCC_ESSV2,MCC_ESSV2,BULA 4001,
MCC_ESSV2,MCC_ESSV2,CCOM 4986,
MCC_ESSV2,MCC_ESSV2,CHNS 3215,
MCC_ESSV2,MCC_ESSV2,CHNS 3700,
MCC_ESSV2,MCC_ESSV2,CMST 3120,
MCC_ESSV2,MCC_ESSV2,CMST 4986,
MCC_ESSV2,MCC_ESSV2,CNEN 3860,
MCC_ESSV2,MCC_ESSV2,COMM 4986,
MCC_ESSV2,MCC_ESSV2,CRLS 2540,
MCC_ESSV2,MCC_ESSV2,CRLS 3150,
MCC_ESSV2,MCC_ESSV2,CRLS 3170,
MCC_ESSV2,MCC_ESSV2,CRLS 3986,
MCC_ESSV2,MCC_ESSV2,CRLS 4986,
MCC_ESSV2,MCC_ESSV2,DGMD 3986,
MCC_ESSV2,MCC_ESSV2,ECONI 3040,
MCC_ESSV2,MCC_ESSV2,EDUC 4965,
MCC_ESSV2,MCC_ESSV2,EDUC 4966,
MCC_ESSV2,MCC_ESSV2,EDUC 4969,
MCC_ESSV2,MCC_ESSV2,EDUC 4970,
MCC_ESSV2,MCC_ESSV2,EDUC 4986,
MCC_ESSV2,MCC_ESSV2,EDUC 4987,
MCC_ESSV2,MCC_ESSV2,ENGL 2001,
MCC_ESSV2,MCC_ESSV2,ENGL 3140,
MCC_ESSV2,MCC_ESSV2,ENGL 3223,
MCC_ESSV2,MCC_ESSV2,ENGL 3224,
MCC_ESSV2,MCC_ESSV2,ENGL 3249,
MCC_ESSV2,MCC_ESSV2,ENGL 3250,
MCC_ESSV2,MCC_ESSV2,ENGL 3261,
MCC_ESSV2,MCC_ESSV2,ENGL 3453,
MCC_ESSV2,MCC_ESSV2,ENGL 3515,
MCC_ESSV2,MCC_ESSV2,ENGL 3780,
MCC_ESSV2,MCC_ESSV2,ENGL 3820,
MCC_ESSV2,MCC_ESSV2,ENGL 4221,
MCC_ESSV2,MCC_ESSV2,ENGL 4230,
MCC_ESSV2,MCC_ESSV2,ENGL 4631,
MCC_ESSV2,MCC_ESSV2,ENGL 4739,
MCC_ESSV2,MCC_ESSV2,ENGL 4825,
MCC_ESSV2,MCC_ESSV2,ENGL 4826,
MCC_ESSV2,MCC_ESSV2,ENGL 4988,
MCC_ESSV2,MCC_ESSV2,EXPH 4986,
MCC_ESSV2,MCC_ESSV2,FREN 3000,
MCC_ESSV2,MCC_ESSV2,GEEN 2960,
MCC_ESSV2,MCC_ESSV2,GEEN 4850,
MCC_ESSV2,MCC_ESSV2,GRMN 3540,
MCC_ESSV2,MCC_ESSV2,GRMN 3550,
MCC_ESSV2,MCC_ESSV2,GRMN 3552,
MCC_ESSV2,MCC_ESSV2,HESC 3929,
MCC_ESSV2,MCC_ESSV2,HIST 4120,
MCC_ESSV2,MCC_ESSV2,HIST 4125,
MCC_ESSV2,MCC_ESSV2,HIST 4135,
MCC_ESSV2,MCC_ESSV2,HIST 4140,
MCC_ESSV2,MCC_ESSV2,HIST 4155,
MCC_ESSV2,MCC_ESSV2,HIST 4747,
MCC_ESSV2,MCC_ESSV2,INES 4987,
MCC_ESSV2,MCC_ESSV2,INGS 4997,
MCC_ESSV2,MCC_ESSV2,INPS 3250,
MCC_ESSV2,MCC_ESSV2,INPS 4997,
MCC_ESSV2,MCC_ESSV2,JOUR 3986,
MCC_ESSV2,MCC_ESSV2,JOUR 4986,
MCC_ESSV2,MCC_ESSV2,LLAC 1010,
MCC_ESSV2,MCC_ESSV2,LLAC 3220,
MCC_ESSV2,MCC_ESSV2,LLAC 3250,
MCC_ESSV2,MCC_ESSV2,MANA 3035,
MCC_ESSV2,MCC_ESSV2,MARQ 3929,
MCC_ESSV2,MCC_ESSV2,MARQ 3961,
MCC_ESSV2,MCC_ESSV2,MLSC 4180,
MCC_ESSV2,MCC_ESSV2,NURS 3956H,
MCC_ESSV2,MCC_ESSV2,NURS 3965,
MCC_ESSV2,MCC_ESSV2,PHIL 3502,
MCC_ESSV2,MCC_ESSV2,PHIL 3507,
MCC_ESSV2,MCC_ESSV2,PHTH 4512,
MCC_ESSV2,MCC_ESSV2,POSC 4986,
MCC_ESSV2,MCC_ESSV2,PSYC 3201,
MCC_ESSV2,MCC_ESSV2,PSYC 4420,
MCC_ESSV2,MCC_ESSV2,PURE 3986,
MCC_ESSV2,MCC_ESSV2,SOCI 3700,
MCC_ESSV2,MCC_ESSV2,SOCI 3986,
MCC_ESSV2,MCC_ESSV2,SOCI 4986,
MCC_ESSV2,MCC_ESSV2,SOWJ 3170,
MCC_ESSV2,MCC_ESSV2,SOWJ 3400,
MCC_ESSV2,MCC_ESSV2,SOWJ 3986,
MCC_ESSV2,MCC_ESSV2,SOWJ 4700,
MCC_ESSV2,MCC_ESSV2,SOWJ 4986,
MCC_ESSV2,MCC_ESSV2,SPAN 3001,
MCC_ESSV2,MCC_ESSV2,SPAN 4150,
MCC_ESSV2,MCC_ESSV2,THAR 3620,
MCC_ESSV2,MCC_ESSV2,THAR 4986,
MCC_ESSV2,MCC_ESSV2,THEO 2500,
MCC_ESSV2,MCC_ESSV2,THEO 3250,
MCC_ESSV2,MCC_ESSV2,THEO 3350,
MCC_ESSV2,MCC_ESSV2,THEO 3355,
MCC_ESSV2,MCC_ESSV2,THEO 3600,
MCC_ESSV2,MCC_ESSV2,THEO 4270,
MCC_ESSV2,MCC_ESSV2,THEO 4400,
MCC_ESSV2,MCC_ESSV2,THEO 4520,
MCC_WRIT,MCC_WRIT,ACCO 4000,
MCC_WRIT,MCC_WRIT,ADPR 2200,
MCC_WRIT,MCC_WRIT,ANTH 2101,
MCC_WRIT,MCC_WRIT,ARBC 3200,
MCC_WRIT,MCC_WRIT,ARBC 3210,
MCC_WRIT,MCC_WRIT,ARBC 3220,
MCC_WRIT,MCC_WRIT,BIOL 4102,
MCC_WRIT,MCC_WRIT,BIOL 4202,
MCC_WRIT,MCC_WRIT,BIOL 4302,
MCC_WRIT,MCC_WRIT,BIOL 4402,
MCC_WRIT,MCC_WRIT,BIOL 4403,
MCC_WRIT,MCC_WRIT,BIOL 4502,
MCC_WRIT,MCC_WRIT,BIOL 4702,
MCC_WRIT,MCC_WRIT,BIOL 4802,
MCC_WRIT,MCC_WRIT,BISC 4325,
MCC_WRIT,MCC_WRIT,BUAD 4010,
MCC_WRIT,MCC_WRIT,BULA 3001,
MCC_WRIT,MCC_WRIT,CCOM 3250,
MCC_WRIT,MCC_WRIT,CMST 3000,
MCC_WRIT,MCC_WRIT,CMST 4997,
MCC_WRIT,MCC_WRIT,CRLS 3050,
MCC_WRIT,MCC_WRIT,EDUC 4000,
MCC_WRIT,MCC_WRIT,EDUC 4540,
MCC_WRIT,MCC_WRIT,ELEN 3025,
MCC_WRIT,MCC_WRIT,ENGL 2001,
MCC_WRIT,MCC_WRIT,ENGL 2011,
MCC_WRIT,MCC_WRIT,ENGL 2012,
MCC_WRIT,MCC_WRIT,ENGL 3000,
MCC_WRIT,MCC_WRIT,ENGL 3210,
MCC_WRIT,MCC_WRIT,ENGL 3211,
MCC_WRIT,MCC_WRIT,ENGL 3220,
MCC_WRIT,MCC_WRIT,ENGL 3221,
MCC_WRIT,MCC_WRIT,ENGL 3222,
MCC_WRIT,MCC_WRIT,ENGL 3223,
MCC_WRIT,MCC_WRIT,ENGL 3224,
MCC_WRIT,MCC_WRIT,ENGL 3240,
MCC_WRIT,MCC_WRIT,ENGL 3241,
MCC_WRIT,MCC_WRIT,ENGL 3242,
MCC_WRIT,MCC_WRIT,ENGL 3250,
MCC_WRIT,MCC_WRIT,ENGL 3261,
MCC_WRIT,MCC_WRIT,ENGL 3301,
MCC_WRIT,MCC_WRIT,ENGL 3302,
MCC_WRIT,MCC_WRIT,ENGL 3410,
MCC_WRIT,MCC_WRIT,ENGL 3453,
MCC_WRIT,MCC_WRIT,ENGL 3462,
MCC_WRIT,MCC_WRIT,ENGL 3513,
MCC_WRIT,MCC_WRIT,ENGL 3514,
MCC_WRIT,MCC_WRIT,ENGL 3517,
MCC_WRIT,MCC_WRIT,ENGL 3730,
MCC_WRIT,MCC_WRIT,ENGL 3734,
MCC_WRIT,MCC_WRIT,ENGL 3738,
MCC_WRIT,MCC_WRIT,ENGL 3751,
MCC_WRIT,MCC_WRIT,ENGL 3756,
MCC_WRIT,MCC_WRIT,ENGL 3761,
MCC_WRIT,MCC_WRIT,ENGL 3762,
MCC_WRIT,MCC_WRIT,ENGL 3766,
MCC_WRIT,MCC_WRIT,ENGL 3780,
MCC_WRIT,MCC_WRIT,ENGL 3785,
MCC_WRIT,MCC_WRIT,ENGL 3786,
MCC_WRIT,MCC_WRIT,ENGL 3841,
MCC_WRIT,MCC_WRIT,ENGL 3860,
MCC_WRIT,MCC_WRIT,ENGL 4000,
MCC_WRIT,MCC_WRIT,ENGL 4220,
MCC_WRIT,MCC_WRIT,ENGL 4221,
MCC_WRIT,MCC_WRIT,ENGL 4230,
MCC_WRIT,MCC_WRIT,ENGL 4250,
MCC_WRIT,MCC_WRIT,ENGL 4260,
MCC_WRIT,MCC_WRIT,ENGL 4270,
MCC_WRIT,MCC_WRIT,ENGL 4303,
MCC_WRIT,MCC_WRIT,ENGL 4311,
MCC_WRIT,MCC_WRIT,ENGL 4331,
MCC_WRIT,MCC_WRIT,ENGL 4402,
MCC_WRIT,MCC_WRIT,ENGL 4412,
MCC_WRIT,MCC_WRIT,ENGL 4422,
MCC_WRIT,MCC_WRIT,ENGL 4423,
MCC_WRIT,MCC_WRIT,ENGL 4472,
MCC_WRIT,MCC_WRIT,ENGL 4616,
MCC_WRIT,MCC_WRIT,ENGL 4631,
MCC_WRIT,MCC_WRIT,ENGL 4715,
MCC_WRIT,MCC_WRIT,ENGL 4739,
MCC_WRIT,MCC_WRIT,ENGL 4755,
MCC_WRIT,MCC_WRIT,ENGL 4825,
MCC_WRIT,MCC_WRIT,ENGL 4826,
MCC_WRIT,MCC_WRIT,ENGL 4830,
MCC_WRIT,MCC_WRIT,ENGL 4932,
MCC_WRIT,MCC_WRIT,ENGL 4954,
MCC_WRIT,MCC_WRIT,ENGL 4997,
MCC_WRIT,MCC_WRIT,EXPH 4020,
MCC_WRIT,MCC_WRIT,FILM 2600,
MCC_WRIT,MCC_WRIT,FREN 4110,
MCC_WRIT,MCC_WRIT,FREN 4270,
MCC_WRIT,MCC_WRIT,FREN 4280,
MCC_WRIT,MCC_WRIT,GEEN 2961,
MCC_WRIT,MCC_WRIT,GRMN 3500,
MCC_WRIT,MCC_WRIT,GRMN 3505,
MCC_WRIT,MCC_WRIT,HIST 1301,
MCC_WRIT,MCC_WRIT,HIST 3104,
MCC_WRIT,MCC_WRIT,HIST 4210,
MCC_WRIT,MCC_WRIT,HIST 4460,
MCC_WRIT,MCC_WRIT,HIST 4955,
MCC_WRIT,MCC_WRIT,INCG 4997,
MCC_WRIT,MCC_WRIT,JOUR 4150,
MCC_WRIT,MCC_WRIT,MANA 3002,
MCC_WRIT,MCC_WRIT,MLSC 4180,
MCC_WRIT,MCC_WRIT,NURS 4000,
MCC_WRIT,MCC_WRIT,PHIL 3505,
MCC_WRIT,MCC_WRIT,PHIL 3610,
MCC_WRIT,MCC_WRIT,PHIL 4540,
MCC_WRIT,MCC_WRIT,PHIL 4954,
MCC_WRIT,MCC_WRIT,POSC 3101,
MCC_WRIT,MCC_WRIT,POSC 4217,
MCC_WRIT,MCC_WRIT,PURE 3600,
MCC_WRIT,MCC_WRIT,SOCI 3050,
MCC_WRIT,MCC_WRIT,SPAN 3005,
MCC_WRIT,MCC_WRIT,SPAN 3500,
MCC_WRIT,MCC_WRIT,SPAN 3505,
MCC_WRIT,MCC_WRIT,SPAN 4700,
MCC_WRIT,MCC_WRIT,THAR 4600,
MCC_WRIT,MCC_WRIT,THEO 3130,
MCC_WRIT,MCC_WRIT,THEO 3280,
MCC_WRIT,MCC_WRIT,THEO 3530,
MCC_WRIT,MCC_WRIT,THEO 4210,
MCC_WRIT,MCC_WRIT,THEO 4300,
MCC_WRIT,MCC_WRIT,THEO 4460,
